{"cameraMode":{"drawMode":0,"name":"Shaded","section":"Shading Mode"},"sceneLighting":false,"audioPlay":false,"sceneViewState":{"m_AlwaysRefresh":false,"showFog":true,"showSkybox":false,"showFlares":true,"showImageEffects":true,"showParticleSystems":true,"showVisualEffectGraphs":true,"m_FxEnabled":true},"in2DMode":false,"pivot":{"x":-3.6309022903442385,"y":-4.842741012573242,"z":146.00164794921876},"rotation":{"x":-0.13331152498722077,"y":0.0426301471889019,"z":-0.0056756725534796719,"w":-0.9902991056442261},"size":16.72734260559082,"orthographic":false}